ID,Class
6284,1
6285,E
6286,A
6287,O
6288,R
6289,A
6290,O
6291,h
6292,6
6293,H
6294,N
6295,q
6296,k
6297,H
6298,E
6299,E
6300,A
6301,R
6302,X
6303,5
6304,M
6305,i
6306,A
6307,5
6308,R
6309,S
6310,P
6311,u
6312,U
6313,n
6314,A
6315,w
6316,e
6317,v
6318,A
6319,h
6320,L
6321,U
6322,O
6323,I
6324,W
6325,I
6326,A
6327,E
6328,g
6329,l
6330,O
6331,A
6332,i
6333,V
6334,O
6335,E
6336,i
6337,g
6338,H
6339,A
6340,b
6341,e
6342,H
6343,8
6344,0
6345,e
6346,E
6347,O
6348,g
6349,r
6350,u
6351,p
6352,G
6353,I
6354,O
6355,6
6356,O
6357,A
6358,F
6359,N
6360,N
6361,W
6362,c
6363,N
6364,x
6365,M
6366,V
6367,A
6368,T
6369,I
6370,T
6371,A
6372,N
6373,R
6374,J
6375,n
6376,E
6377,A
6378,E
6379,S
6380,T
6381,M
6382,O
6383,E
6384,R
6385,e
6386,S
6387,a
6388,n
6389,O
6390,A
6391,B
6392,T
6393,J
6394,A
6395,F
6396,i
6397,m
6398,S
6399,A
6400,r
6401,S
6402,A
6403,E
6404,H
6405,V
6406,R
6407,m
6408,I
6409,5
6410,N
6411,C
6412,l
6413,O
6414,R
6415,n
6416,N
6417,o
6418,P
6419,N
6420,h
6421,S
6422,O
6423,K
6424,S
6425,E
6426,R
6427,A
6428,n
6429,D
6430,4
6431,A
6432,M
6433,S
6434,G
6435,O
6436,J
6437,T
6438,P
6439,O
6440,F
6441,A
6442,r
6443,A
6444,s
6445,I
6446,E
6447,I
6448,N
6449,A
6450,I
6451,L
6452,a
6453,t
6454,R
6455,S
6456,G
6457,G
6458,I
6459,I
6460,H
6461,N
6462,A
6463,g
6464,O
6465,c
6466,d
6467,c
6468,A
6469,A
6470,u
6471,H
6472,A
6473,R
6474,a
6475,N
6476,A
6477,g
6478,O
6479,A
6480,X
6481,T
6482,A
6483,I
6484,A
6485,H
6486,A
6487,6
6488,G
6489,P
6490,o
6491,D
6492,P
6493,A
6494,V
6495,4
6496,J
6497,v
6498,A
6499,U
6500,m
6501,I
6502,p
6503,n
6504,A
6505,E
6506,O
6507,R
6508,p
6509,E
6510,H
6511,K
6512,S
6513,I
6514,M
6515,5
6516,N
6517,4
6518,h
6519,8
6520,O
6521,e
6522,R
6523,c
6524,S
6525,L
6526,E
6527,9
6528,G
6529,C
6530,r
6531,A
6532,N
6533,5
6534,6
6535,h
6536,i
6537,R
6538,L
6539,H
6540,E
6541,O
6542,E
6543,E
6544,O
6545,h
6546,i
6547,I
6548,M
6549,I
6550,h
6551,P
6552,N
6553,E
6554,e
6555,1
6556,W
6557,b
6558,I
6559,i
6560,A
6561,A
6562,n
6563,u
6564,G
6565,E
6566,J
6567,S
6568,j
6569,S
6570,F
6571,A
6572,O
6573,N
6574,s
6575,0
6576,H
6577,e
6578,0
6579,E
6580,A
6581,X
6582,R
6583,A
6584,G
6585,T
6586,1
6587,A
6588,C
6589,h
6590,u
6591,G
6592,t
6593,L
6594,e
6595,P
6596,A
6597,o
6598,I
6599,A
6600,I
6601,O
6602,P
6603,E
6604,M
6605,S
6606,c
6607,G
6608,A
6609,T
6610,H
6611,0
6612,E
6613,j
6614,O
6615,C
6616,O
6617,P
6618,M
6619,O
6620,R
6621,N
6622,C
6623,o
6624,A
6625,g
6626,G
6627,P
6628,O
6629,R
6630,K
6631,D
6632,T
6633,U
6634,a
6635,B
6636,u
6637,3
6638,T
6639,E
6640,t
6641,T
6642,P
6643,O
6644,S
6645,G
6646,i
6647,C
6648,G
6649,K
6650,P
6651,G
6652,j
6653,o
6654,N
6655,t
6656,R
6657,P
6658,W
6659,Y
6660,C
6661,P
6662,E
6663,N
6664,2
6665,5
6666,R
6667,A
6668,x
6669,I
6670,1
6671,D
6672,h
6673,O
6674,R
6675,P
6676,A
6677,A
6678,P
6679,t
6680,L
6681,I
6682,E
6683,u
6684,A
6685,O
6686,R
6687,4
6688,B
6689,F
6690,A
6691,s
6692,O
6693,A
6694,M
6695,E
6696,F
6697,E
6698,n
6699,I
6700,O
6701,O
6702,K
6703,f
6704,D
6705,F
6706,M
6707,J
6708,I
6709,g
6710,I
6711,O
6712,b
6713,T
6714,c
6715,e
6716,A
6717,E
6718,U
6719,g
6720,V
6721,S
6722,R
6723,m
6724,n
6725,E
6726,T
6727,N
6728,E
6729,F
6730,S
6731,E
6732,T
6733,A
6734,0
6735,I
6736,C
6737,o
6738,R
6739,n
6740,E
6741,g
6742,T
6743,E
6744,A
6745,T
6746,R
6747,N
6748,a
6749,f
6750,I
6751,f
6752,t
6753,n
6754,A
6755,U
6756,E
6757,d
6758,R
6759,A
6760,T
6761,F
6762,O
6763,U
6764,h
6765,S
6766,I
6767,U
6768,M
6769,o
6770,r
6771,e
6772,R
6773,R
6774,V
6775,T
6776,R
6777,W
6778,0
6779,O
6780,C
6781,a
6782,W
6783,4
6784,A
6785,C
6786,t
6787,T
6788,j
6789,A
6790,O
6791,i
6792,K
6793,O
6794,M
6795,T
6796,A
6797,A
6798,D
6799,R
6800,k
6801,A
6802,O
6803,A
6804,A
6805,a
6806,T
6807,D
6808,C
6809,S
6810,O
6811,A
6812,W
6813,8
6814,r
6815,U
6816,A
6817,E
6818,t
6819,A
6820,A
6821,E
6822,s
6823,3
6824,L
6825,H
6826,S
6827,N
6828,N
6829,P
6830,R
6831,A
6832,C
6833,E
6834,S
6835,K
6836,s
6837,I
6838,A
6839,I
6840,I
6841,I
6842,a
6843,f
6844,O
6845,d
6846,h
6847,O
6848,5
6849,i
6850,h
6851,G
6852,w
6853,E
6854,E
6855,u
6856,B
6857,T
6858,N
6859,2
6860,o
6861,w
6862,G
6863,T
6864,E
6865,f
6866,E
6867,A
6868,I
6869,E
6870,E
6871,L
6872,T
6873,O
6874,e
6875,R
6876,I
6877,K
6878,i
6879,I
6880,a
6881,J
6882,0
6883,y
6884,L
6885,L
6886,I
6887,A
6888,A
6889,E
6890,4
6891,S
6892,i
6893,T
6894,e
6895,I
6896,i
6897,A
6898,F
6899,A
6900,I
6901,U
6902,c
6903,q
6904,S
6905,h
6906,t
6907,f
6908,B
6909,4
6910,L
6911,I
6912,R
6913,y
6914,I
6915,O
6916,T
6917,e
6918,e
6919,G
6920,H
6921,Y
6922,y
6923,A
6924,A
6925,O
6926,P
6927,N
6928,E
6929,G
6930,R
6931,N
6932,O
6933,A
6934,e
6935,L
6936,n
6937,P
6938,h
6939,A
6940,0
6941,B
6942,R
6943,P
6944,D
6945,C
6946,M
6947,l
6948,T
6949,9
6950,L
6951,Y
6952,W
6953,D
6954,n
6955,I
6956,o
6957,B
6958,a
6959,O
6960,A
6961,E
6962,C
6963,E
6964,o
6965,A
6966,Y
6967,N
6968,V
6969,Y
6970,I
6971,i
6972,s
6973,L
6974,T
6975,t
6976,e
6977,R
6978,G
6979,F
6980,A
6981,0
6982,M
6983,A
6984,Q
6985,D
6986,R
6987,F
6988,A
6989,F
6990,R
6991,y
6992,o
6993,T
6994,S
6995,N
6996,i
6997,a
6998,A
6999,L
7000,A
7001,A
7002,I
7003,w
7004,y
7005,d
7006,P
7007,G
7008,E
7009,I
7010,b
7011,l
7012,0
7013,R
7014,G
7015,J
7016,E
7017,E
7018,L
7019,i
7020,A
7021,M
7022,f
7023,O
7024,E
7025,W
7026,D
7027,a
7028,5
7029,j
7030,C
7031,A
7032,N
7033,e
7034,o
7035,d
7036,A
7037,E
7038,a
7039,T
7040,4
7041,g
7042,A
7043,Y
7044,E
7045,E
7046,O
7047,O
7048,a
7049,I
7050,I
7051,O
7052,i
7053,J
7054,r
7055,E
7056,4
7057,R
7058,F
7059,A
7060,C
7061,K
7062,v
7063,R
7064,N
7065,o
7066,S
7067,w
7068,I
7069,O
7070,F
7071,a
7072,7
7073,5
7074,t
7075,X
7076,J
7077,O
7078,P
7079,C
7080,I
7081,o
7082,4
7083,y
7084,R
7085,A
7086,y
7087,h
7088,I
7089,O
7090,y
7091,R
7092,L
7093,R
7094,l
7095,R
7096,K
7097,O
7098,E
7099,E
7100,T
7101,H
7102,D
7103,L
7104,3
7105,G
7106,r
7107,L
7108,0
7109,R
7110,r
7111,k
7112,Y
7113,Q
7114,e
7115,A
7116,E
7117,L
7118,A
7119,S
7120,l
7121,R
7122,K
7123,f
7124,B
7125,S
7126,M
7127,e
7128,A
7129,e
7130,A
7131,0
7132,A
7133,W
7134,h
7135,t
7136,c
7137,b
7138,c
7139,E
7140,i
7141,T
7142,r
7143,R
7144,A
7145,f
7146,A
7147,E
7148,W
7149,O
7150,r
7151,I
7152,E
7153,A
7154,p
7155,A
7156,A
7157,E
7158,R
7159,A
7160,E
7161,P
7162,a
7163,q
7164,t
7165,A
7166,L
7167,K
7168,E
7169,N
7170,I
7171,O
7172,R
7173,C
7174,L
7175,c
7176,y
7177,A
7178,A
7179,V
7180,h
7181,A
7182,M
7183,M
7184,e
7185,A
7186,A
7187,u
7188,T
7189,V
7190,a
7191,A
7192,A
7193,i
7194,S
7195,S
7196,z
7197,a
7198,K
7199,O
7200,N
7201,Z
7202,U
7203,A
7204,G
7205,e
7206,o
7207,A
7208,N
7209,N
7210,T
7211,M
7212,A
7213,N
7214,A
7215,A
7216,j
7217,t
7218,q
7219,I
7220,A
7221,A
7222,T
7223,R
7224,W
7225,U
7226,S
7227,e
7228,A
7229,O
7230,U
7231,A
7232,4
7233,R
7234,0
7235,u
7236,O
7237,b
7238,O
7239,E
7240,r
7241,L
7242,T
7243,A
7244,P
7245,N
7246,K
7247,o
7248,a
7249,D
7250,Q
7251,0
7252,E
7253,4
7254,a
7255,A
7256,S
7257,O
7258,A
7259,A
7260,X
7261,E
7262,O
7263,3
7264,8
7265,A
7266,C
7267,S
7268,R
7269,a
7270,E
7271,A
7272,G
7273,R
7274,R
7275,5
7276,t
7277,T
7278,I
7279,L
7280,A
7281,n
7282,x
7283,I
7284,f
7285,y
7286,y
7287,P
7288,t
7289,U
7290,A
7291,A
7292,c
7293,Y
7294,Y
7295,O
7296,B
7297,F
7298,k
7299,A
7300,D
7301,A
7302,z
7303,0
7304,I
7305,E
7306,O
7307,D
7308,A
7309,Q
7310,U
7311,E
7312,t
7313,A
7314,A
7315,B
7316,R
7317,1
7318,W
7319,e
7320,C
7321,A
7322,T
7323,G
7324,G
7325,K
7326,D
7327,R
7328,E
7329,Y
7330,N
7331,R
7332,l
7333,A
7334,A
7335,D
7336,8
7337,G
7338,H
7339,1
7340,I
7341,N
7342,E
7343,L
7344,D
7345,l
7346,A
7347,O
7348,P
7349,i
7350,A
7351,e
7352,H
7353,D
7354,A
7355,L
7356,A
7357,A
7358,r
7359,R
7360,l
7361,L
7362,E
7363,k
7364,E
7365,C
7366,T
7367,4
7368,f
7369,E
7370,A
7371,i
7372,o
7373,T
7374,M
7375,E
7376,A
7377,R
7378,I
7379,4
7380,F
7381,t
7382,S
7383,S
7384,O
7385,I
7386,o
7387,a
7388,u
7389,i
7390,y
7391,I
7392,g
7393,M
7394,I
7395,W
7396,H
7397,L
7398,0
7399,G
7400,I
7401,E
7402,G
7403,N
7404,e
7405,4
7406,B
7407,E
7408,w
7409,O
7410,B
7411,N
7412,A
7413,r
7414,O
7415,h
7416,y
7417,V
7418,A
7419,C
7420,E
7421,I
7422,C
7423,G
7424,7
7425,R
7426,J
7427,E
7428,A
7429,M
7430,A
7431,I
7432,t
7433,A
7434,B
7435,Z
7436,R
7437,A
7438,c
7439,S
7440,e
7441,Q
7442,A
7443,O
7444,E
7445,S
7446,P
7447,K
7448,c
7449,D
7450,g
7451,L
7452,D
7453,A
7454,S
7455,i
7456,S
7457,C
7458,w
7459,R
7460,S
7461,N
7462,E
7463,t
7464,A
7465,g
7466,a
7467,L
7468,E
7469,T
7470,B
7471,E
7472,N
7473,I
7474,P
7475,5
7476,9
7477,R
7478,S
7479,A
7480,3
7481,C
7482,a
7483,a
7484,L
7485,A
7486,t
7487,h
7488,z
7489,E
7490,P
7491,Y
7492,W
7493,x
7494,i
7495,I
7496,E
7497,C
7498,6
7499,I
7500,e
7501,o
7502,P
7503,J
7504,U
7505,y
7506,A
7507,R
7508,o
7509,T
7510,I
7511,c
7512,R
7513,S
7514,R
7515,s
7516,K
7517,L
7518,E
7519,N
7520,E
7521,U
7522,E
7523,A
7524,I
7525,v
7526,O
7527,O
7528,F
7529,T
7530,e
7531,R
7532,0
7533,A
7534,C
7535,A
7536,U
7537,g
7538,l
7539,R
7540,I
7541,u
7542,R
7543,V
7544,Q
7545,g
7546,A
7547,R
7548,r
7549,u
7550,A
7551,K
7552,L
7553,A
7554,a
7555,c
7556,V
7557,N
7558,E
7559,B
7560,M
7561,O
7562,A
7563,I
7564,T
7565,R
7566,F
7567,A
7568,H
7569,a
7570,N
7571,G
7572,r
7573,a
7574,N
7575,Q
7576,R
7577,U
7578,o
7579,a
7580,A
7581,R
7582,C
7583,i
7584,M
7585,n
7586,S
7587,E
7588,P
7589,w
7590,S
7591,P
7592,G
7593,T
7594,M
7595,c
7596,O
7597,R
7598,I
7599,E
7600,F
7601,A
7602,A
7603,V
7604,a
7605,N
7606,S
7607,h
7608,S
7609,E
7610,v
7611,v
7612,R
7613,D
7614,I
7615,n
7616,A
7617,F
7618,i
7619,G
7620,v
7621,M
7622,A
7623,3
7624,A
7625,o
7626,M
7627,o
7628,E
7629,e
7630,h
7631,O
7632,t
7633,A
7634,K
7635,e
7636,X
7637,P
7638,O
7639,Q
7640,y
7641,E
7642,I
7643,I
7644,0
7645,E
7646,t
7647,P
7648,A
7649,f
7650,J
7651,R
7652,I
7653,A
7654,0
7655,8
7656,l
7657,E
7658,A
7659,r
7660,N
7661,R
7662,R
7663,2
7664,V
7665,L
7666,B
7667,M
7668,A
7669,1
7670,K
7671,6
7672,c
7673,I
7674,I
7675,I
7676,Y
7677,D
7678,O
7679,h
7680,C
7681,A
7682,a
7683,s
7684,n
7685,D
7686,j
7687,f
7688,E
7689,O
7690,O
7691,h
7692,M
7693,E
7694,i
7695,h
7696,H
7697,M
7698,P
7699,A
7700,a
7701,y
7702,N
7703,P
7704,F
7705,R
7706,I
7707,N
7708,j
7709,A
7710,O
7711,J
7712,P
7713,e
7714,A
7715,G
7716,2
7717,H
7718,R
7719,T
7720,T
7721,S
7722,S
7723,P
7724,D
7725,S
7726,i
7727,z
7728,N
7729,S
7730,R
7731,A
7732,N
7733,E
7734,s
7735,N
7736,8
7737,5
7738,R
7739,E
7740,o
7741,o
7742,A
7743,O
7744,r
7745,h
7746,R
7747,c
7748,N
7749,N
7750,T
7751,b
7752,C
7753,T
7754,E
7755,w
7756,T
7757,c
7758,P
7759,A
7760,O
7761,i
7762,S
7763,d
7764,A
7765,I
7766,G
7767,h
7768,5
7769,A
7770,N
7771,l
7772,8
7773,j
7774,R
7775,R
7776,A
7777,U
7778,K
7779,O
7780,A
7781,A
7782,r
7783,b
7784,I
7785,3
7786,A
7787,E
7788,S
7789,0
7790,J
7791,S
7792,A
7793,t
7794,N
7795,A
7796,E
7797,N
7798,e
7799,O
7800,5
7801,A
7802,I
7803,B
7804,A
7805,I
7806,W
7807,Y
7808,o
7809,u
7810,K
7811,O
7812,S
7813,C
7814,R
7815,A
7816,I
7817,E
7818,A
7819,U
7820,I
7821,F
7822,e
7823,r
7824,J
7825,j
7826,A
7827,r
7828,B
7829,P
7830,H
7831,P
7832,R
7833,6
7834,0
7835,R
7836,A
7837,R
7838,e
7839,S
7840,Y
7841,c
7842,A
7843,T
7844,N
7845,E
7846,z
7847,f
7848,S
7849,R
7850,r
7851,R
7852,A
7853,G
7854,P
7855,I
7856,I
7857,u
7858,8
7859,5
7860,L
7861,A
7862,t
7863,G
7864,R
7865,A
7866,N
7867,K
7868,g
7869,2
7870,O
7871,E
7872,G
7873,E
7874,A
7875,h
7876,E
7877,B
7878,A
7879,N
7880,O
7881,A
7882,l
7883,C
7884,z
7885,c
7886,A
7887,r
7888,A
7889,R
7890,y
7891,r
7892,i
7893,A
7894,S
7895,N
7896,I
7897,I
7898,A
7899,E
7900,E
7901,e
7902,E
7903,R
7904,N
7905,T
7906,O
7907,Y
7908,y
7909,g
7910,A
7911,K
7912,2
7913,D
7914,A
7915,C
7916,R
7917,I
7918,h
7919,I
7920,v
7921,I
7922,S
7923,H
7924,E
7925,s
7926,F
7927,Y
7928,A
7929,r
7930,T
7931,v
7932,U
7933,h
7934,A
7935,A
7936,8
7937,E
7938,B
7939,I
7940,T
7941,r
7942,H
7943,O
7944,I
7945,E
7946,A
7947,e
7948,R
7949,O
7950,i
7951,L
7952,A
7953,A
7954,1
7955,B
7956,I
7957,I
7958,I
7959,F
7960,O
7961,E
7962,d
7963,W
7964,E
7965,O
7966,I
7967,j
7968,S
7969,A
7970,S
7971,N
7972,A
7973,B
7974,i
7975,P
7976,A
7977,S
7978,G
7979,m
7980,E
7981,I
7982,E
7983,4
7984,y
7985,L
7986,A
7987,A
7988,e
7989,D
7990,t
7991,a
7992,R
7993,o
7994,C
7995,o
7996,O
7997,R
7998,O
7999,B
8000,N
8001,O
8002,f
8003,g
8004,O
8005,1
8006,T
8007,j
8008,M
8009,A
8010,A
8011,A
8012,6
8013,R
8014,l
8015,E
8016,L
8017,c
8018,l
8019,N
8020,T
8021,K
8022,J
8023,O
8024,H
8025,b
8026,O
8027,R
8028,O
8029,A
8030,5
8031,N
8032,o
8033,f
8034,I
8035,s
8036,M
8037,E
8038,T
8039,Q
8040,T
8041,O
8042,R
8043,O
8044,R
8045,f
8046,N
8047,A
8048,S
8049,n
8050,a
8051,A
8052,A
8053,R
8054,H
8055,j
8056,w
8057,R
8058,I
8059,h
8060,A
8061,9
8062,R
8063,S
8064,R
8065,A
8066,O
8067,e
8068,E
8069,N
8070,N
8071,S
8072,I
8073,X
8074,E
8075,i
8076,O
8077,T
8078,j
8079,M
8080,E
8081,E
8082,5
8083,E
8084,N
8085,d
8086,g
8087,M
8088,A
8089,u
8090,R
8091,A
8092,T
8093,E
8094,r
8095,O
8096,r
8097,T
8098,N
8099,A
8100,S
8101,i
8102,I
8103,c
8104,I
8105,Z
8106,U
8107,A
8108,u
8109,T
8110,A
8111,C
8112,i
8113,S
8114,u
8115,H
8116,L
8117,A
8118,N
8119,L
8120,A
8121,A
8122,G
8123,n
8124,t
8125,n
8126,0
8127,E
8128,1
8129,I
8130,L
8131,G
8132,y
8133,N
8134,k
8135,R
8136,c
8137,K
8138,E
8139,R
8140,o
8141,f
8142,G
8143,0
8144,T
8145,5
8146,W
8147,y
8148,o
8149,y
8150,C
8151,H
8152,P
8153,M
8154,e
8155,O
8156,E
8157,a
8158,2
8159,h
8160,i
8161,K
8162,s
8163,H
8164,8
8165,R
8166,K
8167,h
8168,G
8169,G
8170,R
8171,E
8172,I
8173,A
8174,S
8175,R
8176,T
8177,R
8178,R
8179,A
8180,I
8181,I
8182,O
8183,O
8184,E
8185,S
8186,g
8187,L
8188,A
8189,H
8190,E
8191,s
8192,i
8193,S
8194,6
8195,M
8196,E
8197,A
8198,8
8199,E
8200,A
8201,F
8202,T
8203,t
8204,E
8205,A
8206,N
8207,D
8208,E
8209,E
8210,E
8211,s
8212,M
8213,A
8214,T
8215,E
8216,N
8217,C
8218,U
8219,I
8220,K
8221,1
8222,a
8223,A
8224,I
8225,U
8226,N
8227,A
8228,E
8229,R
8230,s
8231,9
8232,T
8233,N
8234,E
8235,A
8236,i
8237,e
8238,H
8239,a
8240,8
8241,A
8242,E
8243,I
8244,a
8245,G
8246,I
8247,E
8248,V
8249,r
8250,A
8251,C
8252,v
8253,O
8254,O
8255,N
8256,Y
8257,P
8258,E
8259,M
8260,p
8261,R
8262,O
8263,g
8264,6
8265,0
8266,B
8267,A
8268,y
8269,A
8270,Y
8271,E
8272,P
8273,A
8274,O
8275,c
8276,R
8277,W
8278,A
8279,B
8280,A
8281,O
8282,R
8283,A
8284,A
8285,L
8286,S
8287,T
8288,k
8289,M
8290,O
8291,i
8292,J
8293,O
8294,O
8295,T
8296,5
8297,N
8298,O
8299,C
8300,D
8301,o
8302,I
8303,c
8304,N
8305,O
8306,V
8307,i
8308,j
8309,N
8310,C
8311,A
8312,O
8313,E
8314,7
8315,A
8316,6
8317,K
8318,e
8319,r
8320,b
8321,E
8322,b
8323,P
8324,E
8325,N
8326,T
8327,I
8328,z
8329,i
8330,E
8331,A
8332,t
8333,K
8334,y
8335,O
8336,O
8337,j
8338,0
8339,C
8340,W
8341,N
8342,a
8343,A
8344,E
8345,N
8346,S
8347,n
8348,O
8349,e
8350,l
8351,H
8352,O
8353,I
8354,A
8355,Y
8356,I
8357,P
8358,O
8359,y
8360,r
8361,T
8362,A
8363,E
8364,O
8365,O
8366,e
8367,O
8368,R
8369,S
8370,B
8371,T
8372,i
8373,a
8374,N
8375,P
8376,L
8377,R
8378,A
8379,N
8380,N
8381,n
8382,F
8383,K
8384,6
8385,a
8386,j
8387,A
8388,j
8389,H
8390,R
8391,L
8392,v
8393,e
8394,N
8395,S
8396,P
8397,S
8398,D
8399,I
8400,A
8401,L
8402,X
8403,I
8404,A
8405,5
8406,N
8407,S
8408,E
8409,E
8410,N
8411,E
8412,5
8413,R
8414,T
8415,l
8416,e
8417,6
8418,l
8419,u
8420,V
8421,N
8422,M
8423,N
8424,a
8425,0
8426,E
8427,c
8428,E
8429,p
8430,O
8431,A
8432,A
8433,H
8434,d
8435,D
8436,O
8437,N
8438,O
8439,A
8440,D
8441,A
8442,H
8443,R
8444,S
8445,t
8446,z
8447,c
8448,I
8449,I
8450,O
8451,a
8452,f
8453,R
8454,A
8455,z
8456,3
8457,H
8458,A
8459,Z
8460,R
8461,f
8462,D
8463,E
8464,L
8465,I
8466,A
8467,H
8468,L
8469,P
8470,r
8471,I
8472,C
8473,A
8474,R
8475,F
8476,x
8477,c
8478,5
8479,o
8480,o
8481,O
8482,P
8483,D
8484,c
8485,e
8486,E
8487,y
8488,G
8489,e
8490,A
8491,8
8492,D
8493,R
8494,R
8495,L
8496,8
8497,N
8498,i
8499,V
8500,O
8501,A
8502,A
8503,R
8504,m
8505,E
8506,T
8507,o
8508,M
8509,j
8510,y
8511,N
8512,N
8513,6
8514,E
8515,0
8516,I
8517,I
8518,o
8519,a
8520,w
8521,h
8522,Y
8523,K
8524,L
8525,v
8526,A
8527,c
8528,D
8529,g
8530,X
8531,P
8532,i
8533,E
8534,E
8535,O
8536,H
8537,A
8538,A
8539,f
8540,E
8541,R
8542,D
8543,I
8544,M
8545,E
8546,Y
8547,L
8548,m
8549,0
8550,S
8551,F
8552,e
8553,U
8554,S
8555,F
8556,8
8557,D
8558,H
8559,N
8560,I
8561,Y
8562,O
8563,S
8564,A
8565,A
8566,I
8567,I
8568,S
8569,I
8570,i
8571,u
8572,F
8573,S
8574,D
8575,a
8576,A
8577,M
8578,H
8579,n
8580,t
8581,K
8582,e
8583,c
8584,H
8585,I
8586,A
8587,A
8588,l
8589,K
8590,0
8591,O
8592,R
8593,1
8594,E
8595,r
8596,M
8597,A
8598,t
8599,i
8600,N
8601,L
8602,W
8603,J
8604,T
8605,E
8606,A
8607,O
8608,A
8609,A
8610,A
8611,A
8612,R
8613,A
8614,y
8615,e
8616,h
8617,R
8618,6
8619,W
8620,O
8621,R
8622,d
8623,I
8624,A
8625,E
8626,h
8627,E
8628,N
8629,M
8630,S
8631,h
8632,O
8633,S
8634,N
8635,A
8636,I
8637,C
8638,I
8639,E
8640,v
8641,S
8642,a
8643,A
8644,M
8645,D
8646,G
8647,e
8648,0
8649,A
8650,L
8651,D
8652,m
8653,e
8654,B
8655,s
8656,N
8657,I
8658,A
8659,W
8660,S
8661,A
8662,f
8663,I
8664,A
8665,b
8666,R
8667,i
8668,D
8669,O
8670,S
8671,N
8672,R
8673,A
8674,o
8675,X
8676,A
8677,A
8678,T
8679,f
8680,r
8681,I
8682,x
8683,E
8684,o
8685,c
8686,R
8687,H
8688,A
8689,s
8690,E
8691,S
8692,f
8693,o
8694,i
8695,N
8696,K
8697,O
8698,h
8699,I
8700,D
8701,E
8702,P
8703,E
8704,J
8705,7
8706,U
8707,T
8708,A
8709,i
8710,V
8711,t
8712,c
8713,R
8714,R
8715,I
8716,y
8717,f
8718,H
8719,R
8720,A
8721,R
8722,h
8723,W
8724,i
8725,W
8726,R
8727,l
8728,M
8729,S
8730,R
8731,D
8732,N
8733,0
8734,R
8735,P
8736,j
8737,A
8738,A
8739,L
8740,N
8741,I
8742,i
8743,r
8744,V
8745,T
8746,h
8747,O
8748,e
8749,D
8750,E
8751,2
8752,E
8753,a
8754,a
8755,A
8756,T
8757,I
8758,4
8759,P
8760,j
8761,O
8762,A
8763,N
8764,o
8765,N
8766,O
8767,S
8768,A
8769,E
8770,e
8771,F
8772,H
8773,S
8774,e
8775,s
8776,P
8777,A
8778,R
8779,o
8780,O
8781,A
8782,o
8783,T
8784,0
8785,4
8786,L
8787,O
8788,A
8789,m
8790,1
8791,C
8792,0
8793,M
8794,a
8795,d
8796,O
8797,M
8798,N
8799,S
8800,b
8801,A
8802,O
8803,A
8804,B
8805,R
8806,S
8807,I
8808,A
8809,U
8810,E
8811,R
8812,D
8813,O
8814,e
8815,S
8816,R
8817,D
8818,A
8819,O
8820,L
8821,w
8822,A
8823,E
8824,T
8825,C
8826,C
8827,a
8828,D
8829,E
8830,R
8831,E
8832,O
8833,1
8834,8
8835,N
8836,p
8837,P
8838,A
8839,A
8840,e
8841,y
8842,m
8843,A
8844,U
8845,P
8846,S
8847,E
8848,1
8849,A
8850,E
8851,F
8852,D
8853,R
8854,O
8855,E
8856,i
8857,F
8858,N
8859,R
8860,A
8861,D
8862,D
8863,P
8864,p
8865,C
8866,N
8867,O
8868,L
8869,j
8870,o
8871,v
8872,A
8873,R
8874,A
8875,E
8876,F
8877,P
8878,G
8879,i
8880,T
8881,r
8882,G
8883,e
8884,A
8885,D
8886,y
8887,S
8888,P
8889,N
8890,e
8891,R
8892,O
8893,E
8894,n
8895,R
8896,H
8897,T
8898,A
8899,A
8900,e
8901,e
8902,O
8903,R
8904,O
8905,t
8906,A
8907,U
8908,o
8909,I
8910,1
8911,A
8912,Z
8913,E
8914,T
8915,R
8916,E
8917,E
8918,s
8919,E
8920,O
8921,C
8922,N
8923,T
8924,E
8925,s
8926,0
8927,9
8928,L
8929,i
8930,R
8931,M
8932,A
8933,L
8934,F
8935,R
8936,t
8937,d
8938,O
8939,N
8940,O
8941,U
8942,6
8943,h
8944,N
8945,A
8946,K
8947,L
8948,A
8949,H
8950,r
8951,Y
8952,C
8953,r
8954,Q
8955,I
8956,F
8957,N
8958,I
8959,C
8960,P
8961,f
8962,M
8963,O
8964,T
8965,f
8966,T
8967,f
8968,r
8969,K
8970,F
8971,O
8972,d
8973,A
8974,I
8975,A
8976,E
8977,O
8978,X
8979,n
8980,O
8981,v
8982,W
8983,M
8984,s
8985,c
8986,e
8987,E
8988,M
8989,D
8990,A
8991,A
8992,Z
8993,i
8994,E
8995,O
8996,n
8997,O
8998,A
8999,A
9000,y
9001,N
9002,A
9003,B
9004,V
9005,A
9006,B
9007,O
9008,A
9009,n
9010,4
9011,O
9012,P
9013,n
9014,O
9015,t
9016,R
9017,A
9018,O
9019,P
9020,T
9021,T
9022,K
9023,k
9024,6
9025,x
9026,S
9027,A
9028,v
9029,l
9030,0
9031,A
9032,A
9033,I
9034,H
9035,G
9036,O
9037,R
9038,t
9039,N
9040,N
9041,H
9042,E
9043,K
9044,I
9045,J
9046,I
9047,R
9048,F
9049,X
9050,r
9051,q
9052,A
9053,N
9054,M
9055,A
9056,n
9057,D
9058,B
9059,S
9060,t
9061,1
9062,A
9063,f
9064,O
9065,E
9066,A
9067,T
9068,C
9069,O
9070,E
9071,T
9072,K
9073,o
9074,A
9075,A
9076,B
9077,V
9078,C
9079,A
9080,K
9081,A
9082,p
9083,L
9084,B
9085,E
9086,N
9087,A
9088,T
9089,a
9090,u
9091,A
9092,T
9093,E
9094,E
9095,B
9096,O
9097,B
9098,A
9099,O
9100,N
9101,s
9102,x
9103,y
9104,J
9105,K
9106,K
9107,f
9108,P
9109,o
9110,I
9111,l
9112,M
9113,h
9114,C
9115,S
9116,N
9117,E
9118,V
9119,g
9120,S
9121,A
9122,g
9123,i
9124,R
9125,A
9126,x
9127,R
9128,B
9129,T
9130,j
9131,a
9132,I
9133,A
9134,e
9135,m
9136,1
9137,q
9138,E
9139,Q
9140,E
9141,a
9142,B
9143,S
9144,A
9145,O
9146,O
9147,T
9148,B
9149,I
9150,T
9151,d
9152,s
9153,f
9154,O
9155,A
9156,E
9157,u
9158,I
9159,e
9160,7
9161,R
9162,S
9163,q
9164,A
9165,F
9166,e
9167,e
9168,x
9169,O
9170,A
9171,O
9172,f
9173,v
9174,b
9175,e
9176,A
9177,I
9178,I
9179,D
9180,k
9181,T
9182,M
9183,5
9184,G
9185,8
9186,K
9187,6
9188,N
9189,2
9190,I
9191,I
9192,N
9193,A
9194,H
9195,A
9196,R
9197,E
9198,R
9199,R
9200,A
9201,y
9202,A
9203,H
9204,P
9205,S
9206,T
9207,G
9208,K
9209,o
9210,A
9211,N
9212,V
9213,R
9214,P
9215,S
9216,O
9217,D
9218,Z
9219,f
9220,R
9221,1
9222,E
9223,h
9224,E
9225,6
9226,K
9227,C
9228,9
9229,O
9230,8
9231,r
9232,I
9233,m
9234,E
9235,R
9236,y
9237,A
9238,L
9239,H
9240,E
9241,6
9242,K
9243,A
9244,A
9245,6
9246,A
9247,A
9248,j
9249,n
9250,a
9251,R
9252,I
9253,4
9254,M
9255,O
9256,E
9257,e
9258,A
9259,H
9260,L
9261,M
9262,Y
9263,B
9264,7
9265,A
9266,h
9267,i
9268,0
9269,i
9270,y
9271,1
9272,A
9273,r
9274,N
9275,5
9276,3
9277,E
9278,E
9279,h
9280,C
9281,U
9282,E
9283,o
9284,A
9285,e
9286,H
9287,A
9288,A
9289,a
9290,p
9291,5
9292,M
9293,A
9294,K
9295,E
9296,h
9297,C
9298,E
9299,G
9300,T
9301,A
9302,M
9303,A
9304,A
9305,n
9306,A
9307,U
9308,S
9309,A
9310,I
9311,I
9312,R
9313,E
9314,a
9315,I
9316,A
9317,E
9318,A
9319,E
9320,N
9321,a
9322,N
9323,U
9324,S
9325,S
9326,H
9327,R
9328,D
9329,U
9330,B
9331,e
9332,L
9333,M
9334,W
9335,K
9336,i
9337,F
9338,I
9339,A
9340,h
9341,4
9342,R
9343,u
9344,G
9345,m
9346,A
9347,Q
9348,R
9349,E
9350,T
9351,S
9352,8
9353,E
9354,4
9355,N
9356,o
9357,B
9358,p
9359,K
9360,R
9361,A
9362,O
9363,7
9364,E
9365,R
9366,O
9367,R
9368,l
9369,e
9370,a
9371,A
9372,O
9373,L
9374,S
9375,J
9376,C
9377,E
9378,E
9379,N
9380,A
9381,E
9382,S
9383,z
9384,S
9385,O
9386,Z
9387,9
9388,P
9389,R
9390,m
9391,E
9392,0
9393,e
9394,A
9395,L
9396,i
9397,A
9398,E
9399,2
9400,N
9401,P
9402,e
9403,5
9404,e
9405,0
9406,D
9407,A
9408,S
9409,E
9410,g
9411,A
9412,e
9413,a
9414,y
9415,K
9416,A
9417,a
9418,O
9419,H
9420,S
9421,E
9422,M
9423,h
9424,0
9425,N
9426,G
9427,A
9428,i
9429,E
9430,T
9431,r
9432,G
9433,O
9434,R
9435,E
9436,A
9437,e
9438,n
9439,y
9440,E
9441,s
9442,N
9443,N
9444,L
9445,I
9446,x
9447,E
9448,R
9449,F
9450,A
9451,u
9452,A
9453,R
9454,a
9455,N
9456,O
9457,6
9458,0
9459,D
9460,R
9461,i
9462,R
9463,I
9464,E
9465,m
9466,A
9467,E
9468,E
9469,e
9470,t
9471,r
9472,n
9473,u
9474,I
9475,O
9476,O
9477,w
9478,h
9479,a
9480,P
9481,5
9482,I
9483,P
9484,t
9485,A
9486,H
9487,N
9488,S
9489,A
9490,A
9491,C
9492,E
9493,N
9494,O
9495,s
9496,S
9497,E
9498,U
9499,R
9500,n
9501,N
9502,E
9503,r
9504,C
9505,A
9506,u
9507,e
9508,h
9509,K
9510,A
9511,M
9512,a
9513,E
9514,A
9515,9
9516,N
9517,G
9518,A
9519,h
9520,o
9521,D
9522,I
9523,E
9524,A
9525,E
9526,J
9527,R
9528,H
9529,I
9530,U
9531,L
9532,u
9533,I
9534,I
9535,E
9536,H
9537,I
9538,T
9539,E
9540,t
9541,F
9542,f
9543,e
9544,O
9545,C
9546,e
9547,D
9548,h
9549,A
9550,E
9551,E
9552,a
9553,Y
9554,B
9555,3
9556,E
9557,o
9558,S
9559,e
9560,3
9561,d
9562,A
9563,R
9564,O
9565,N
9566,A
9567,I
9568,R
9569,A
9570,y
9571,e
9572,C
9573,S
9574,N
9575,I
9576,Y
9577,C
9578,S
9579,N
9580,I
9581,T
9582,J
9583,A
9584,R
9585,A
9586,L
9587,U
9588,n
9589,o
9590,y
9591,D
9592,W
9593,E
9594,O
9595,c
9596,N
9597,N
9598,T
9599,N
9600,E
9601,N
9602,E
9603,e
9604,t
9605,2
9606,1
9607,A
9608,c
9609,a
9610,D
9611,Y
9612,R
9613,a
9614,E
9615,A
9616,R
9617,U
9618,R
9619,S
9620,O
9621,A
9622,G
9623,D
9624,A
9625,I
9626,E
9627,I
9628,c
9629,a
9630,N
9631,4
9632,o
9633,6
9634,r
9635,A
9636,R
9637,s
9638,A
9639,H
9640,O
9641,r
9642,I
9643,a
9644,o
9645,O
9646,D
9647,E
9648,K
9649,n
9650,F
9651,T
9652,e
9653,I
9654,p
9655,E
9656,I
9657,A
9658,A
9659,W
9660,C
9661,T
9662,X
9663,y
9664,A
9665,T
9666,I
9667,o
9668,x
9669,y
9670,M
9671,a
9672,h
9673,f
9674,4
9675,T
9676,E
9677,X
9678,A
9679,A
9680,g
9681,8
9682,U
9683,P
9684,D
9685,A
9686,E
9687,R
9688,A
9689,A
9690,C
9691,p
9692,e
9693,6
9694,I
9695,O
9696,B
9697,N
9698,N
9699,9
9700,l
9701,G
9702,A
9703,r
9704,2
9705,I
9706,F
9707,T
9708,E
9709,R
9710,C
9711,2
9712,o
9713,I
9714,E
9715,f
9716,e
9717,I
9718,e
9719,g
9720,r
9721,S
9722,O
9723,N
9724,a
9725,T
9726,T
9727,o
9728,A
9729,e
9730,c
9731,o
9732,O
9733,E
9734,m
9735,R
9736,A
9737,a
9738,t
9739,T
9740,h
9741,A
9742,R
9743,Q
9744,4
9745,N
9746,y
9747,e
9748,b
9749,1
9750,A
9751,A
9752,o
9753,N
9754,N
9755,A
9756,S
9757,I
9758,8
9759,S
9760,4
9761,l
9762,R
9763,r
9764,H
9765,T
9766,R
9767,I
9768,N
9769,I
9770,I
9771,F
9772,S
9773,t
9774,e
9775,O
9776,E
9777,A
9778,z
9779,I
9780,T
9781,B
9782,A
9783,o
9784,T
9785,L
9786,A
9787,h
9788,T
9789,1
9790,b
9791,N
9792,D
9793,i
9794,A
9795,N
9796,l
9797,r
9798,U
9799,I
9800,E
9801,A
9802,U
9803,Q
9804,E
9805,H
9806,A
9807,A
9808,0
9809,A
9810,R
9811,T
9812,0
9813,L
9814,I
9815,S
9816,r
9817,A
9818,A
9819,1
9820,M
9821,d
9822,N
9823,R
9824,A
9825,X
9826,R
9827,A
9828,5
9829,K
9830,q
9831,N
9832,T
9833,h
9834,b
9835,l
9836,O
9837,I
9838,h
9839,A
9840,l
9841,N
9842,R
9843,T
9844,Z
9845,S
9846,j
9847,B
9848,R
9849,A
9850,C
9851,O
9852,H
9853,M
9854,B
9855,H
9856,D
9857,V
9858,0
9859,l
9860,I
9861,S
9862,E
9863,M
9864,o
9865,e
9866,R
9867,C
9868,s
9869,6
9870,I
9871,E
9872,A
9873,T
9874,y
9875,5
9876,T
9877,G
9878,R
9879,Z
9880,f
9881,R
9882,4
9883,5
9884,S
9885,C
9886,3
9887,U
9888,o
9889,E
9890,J
9891,A
9892,G
9893,O
9894,H
9895,a
9896,i
9897,I
9898,e
9899,O
9900,A
9901,A
9902,E
9903,N
9904,A
9905,A
9906,T
9907,i
9908,R
9909,F
9910,A
9911,R
9912,N
9913,A
9914,E
9915,R
9916,B
9917,b
9918,R
9919,E
9920,T
9921,S
9922,A
9923,A
9924,n
9925,A
9926,E
9927,X
9928,B
9929,h
9930,A
9931,1
9932,5
9933,O
9934,C
9935,R
9936,A
9937,R
9938,C
9939,O
9940,I
9941,F
9942,A
9943,F
9944,4
9945,N
9946,r
9947,I
9948,R
9949,r
9950,V
9951,a
9952,J
9953,I
9954,U
9955,A
9956,E
9957,I
9958,T
9959,e
9960,r
9961,P
9962,A
9963,S
9964,B
9965,I
9966,S
9967,I
9968,T
9969,R
9970,u
9971,A
9972,M
9973,S
9974,e
9975,E
9976,N
9977,I
9978,T
9979,W
9980,T
9981,L
9982,S
9983,R
9984,s
9985,E
9986,A
9987,I
9988,y
9989,A
9990,I
9991,s
9992,T
9993,X
9994,M
9995,R
9996,A
9997,S
9998,T
9999,n
10000,J
10001,E
10002,v
10003,V
10004,B
10005,I
10006,R
10007,b
10008,E
10009,U
10010,n
10011,1
10012,f
10013,K
10014,E
10015,6
10016,L
10017,2
10018,T
10019,A
10020,K
10021,R
10022,S
10023,i
10024,N
10025,A
10026,o
10027,O
10028,0
10029,n
10030,C
10031,R
10032,E
10033,c
10034,A
10035,y
10036,B
10037,G
10038,C
10039,R
10040,O
10041,U
10042,E
10043,A
10044,e
10045,O
10046,R
10047,R
10048,N
10049,D
10050,R
10051,C
10052,N
10053,E
10054,W
10055,E
10056,D
10057,l
10058,T
10059,U
10060,A
10061,A
10062,n
10063,H
10064,h
10065,E
10066,I
10067,3
10068,U
10069,A
10070,X
10071,n
10072,G
10073,a
10074,S
10075,L
10076,i
10077,O
10078,P
10079,A
10080,n
10081,B
10082,E
10083,C
10084,O
10085,C
10086,N
10087,0
10088,N
10089,S
10090,T
10091,S
10092,E
10093,o
10094,e
10095,r
10096,E
10097,p
10098,A
10099,x
10100,D
10101,K
10102,8
10103,0
10104,R
10105,O
10106,B
10107,0
10108,A
10109,Y
10110,N
10111,a
10112,W
10113,U
10114,E
10115,O
10116,K
10117,W
10118,I
10119,B
10120,T
10121,P
10122,0
10123,G
10124,R
10125,A
10126,G
10127,S
10128,q
10129,R
10130,S
10131,L
10132,Q
10133,E
10134,i
10135,A
10136,4
10137,M
10138,O
10139,u
10140,A
10141,L
10142,t
10143,R
10144,t
10145,I
10146,A
10147,E
10148,b
10149,F
10150,s
10151,M
10152,A
10153,S
10154,t
10155,R
10156,A
10157,M
10158,I
10159,I
10160,A
10161,h
10162,H
10163,J
10164,O
10165,M
10166,A
10167,R
10168,b
10169,E
10170,S
10171,K
10172,E
10173,B
10174,i
10175,t
10176,o
10177,A
10178,P
10179,t
10180,r
10181,O
10182,M
10183,G
10184,S
10185,O
10186,e
10187,D
10188,Y
10189,T
10190,a
10191,K
10192,U
10193,e
10194,T
10195,A
10196,N
10197,T
10198,6
10199,r
10200,L
10201,S
10202,O
10203,N
10204,9
10205,I
10206,A
10207,l
10208,V
10209,T
10210,A
10211,L
10212,R
10213,C
10214,M
10215,5
10216,H
10217,L
10218,B
10219,A
10220,R
10221,O
10222,O
10223,S
10224,A
10225,D
10226,P
10227,V
10228,R
10229,E
10230,C
10231,r
10232,k
10233,4
10234,h
10235,j
10236,S
10237,T
10238,A
10239,I
10240,l
10241,E
10242,U
10243,V
10244,n
10245,5
10246,F
10247,Q
10248,e
10249,A
10250,E
10251,O
10252,C
10253,M
10254,B
10255,L
10256,R
10257,A
10258,F
10259,P
10260,A
10261,A
10262,R
10263,r
10264,E
10265,e
10266,D
10267,6
10268,n
10269,O
10270,M
10271,N
10272,A
10273,P
10274,l
10275,r
10276,i
10277,A
10278,A
10279,w
10280,N
10281,O
10282,I
10283,A
10284,I
10285,a
10286,R
10287,8
10288,A
10289,o
10290,O
10291,A
10292,a
10293,E
10294,b
10295,I
10296,U
10297,0
10298,E
10299,Y
10300,N
10301,L
10302,8
10303,T
10304,D
10305,5
10306,I
10307,v
10308,F
10309,U
10310,N
10311,N
10312,E
10313,D
10314,6
10315,A
10316,t
10317,E
10318,E
10319,C
10320,r
10321,d
10322,r
10323,r
10324,C
10325,R
10326,A
10327,1
10328,N
10329,D
10330,C
10331,V
10332,R
10333,I
10334,9
10335,i
10336,A
10337,R
10338,B
10339,L
10340,G
10341,T
10342,p
10343,C
10344,B
10345,W
10346,o
10347,R
10348,O
10349,J
10350,n
10351,A
10352,A
10353,J
10354,I
10355,s
10356,A
10357,S
10358,B
10359,c
10360,A
10361,P
10362,I
10363,t
10364,U
10365,A
10366,T
10367,5
10368,A
10369,T
10370,v
10371,A
10372,T
10373,O
10374,R
10375,E
10376,R
10377,V
10378,a
10379,K
10380,T
10381,e
10382,S
10383,T
10384,P
10385,l
10386,1
10387,S
10388,R
10389,S
10390,5
10391,S
10392,W
10393,S
10394,A
10395,N
10396,E
10397,i
10398,o
10399,e
10400,E
10401,O
10402,J
10403,4
10404,e
10405,A
10406,N
10407,I
10408,r
10409,H
10410,0
10411,R
10412,S
10413,I
10414,y
10415,i
10416,N
10417,I
10418,j
10419,O
10420,f
10421,I
10422,R
10423,O
10424,b
10425,E
10426,E
10427,E
10428,A
10429,G
10430,M
10431,C
10432,A
10433,A
10434,a
10435,Y
10436,T
10437,A
10438,D
10439,I
10440,e
10441,B
10442,I
10443,A
10444,L
10445,A
10446,I
10447,D
10448,f
10449,A
10450,b
10451,y
10452,R
10453,5
10454,A
10455,o
10456,E
10457,R
10458,X
10459,O
10460,E
10461,4
10462,f
10463,a
10464,O
10465,y
10466,I
10467,O
10468,T
10469,R
10470,b
10471,a
10472,C
10473,R
10474,e
10475,0
10476,A
10477,A
10478,A
10479,I
10480,A
10481,D
10482,l
10483,I
10484,d
10485,T
10486,G
10487,A
10488,8
10489,E
10490,b
10491,A
10492,S
10493,O
10494,V
10495,I
10496,z
10497,L
10498,e
10499,T
10500,m
10501,M
10502,C
10503,U
10504,M
10505,S
10506,I
10507,R
10508,A
10509,e
10510,n
10511,F
10512,I
10513,F
10514,4
10515,v
10516,A
10517,5
10518,G
10519,A
10520,N
10521,R
10522,5
10523,d
10524,R
10525,I
10526,H
10527,G
10528,A
10529,A
10530,f
10531,A
10532,w
10533,r
10534,f
10535,O
10536,T
10537,A
10538,t
10539,A
10540,0
10541,A
10542,s
10543,v
10544,A
10545,e
10546,D
10547,5
10548,A
10549,A
10550,N
10551,L
10552,G
10553,O
10554,N
10555,I
10556,E
10557,A
10558,h
10559,L
10560,R
10561,T
10562,D
10563,v
10564,b
10565,9
10566,e
10567,v
10568,R
10569,y
10570,E
10571,n
10572,N
10573,P
10574,r
10575,R
10576,t
10577,A
10578,P
10579,P
10580,v
10581,c
10582,S
10583,I
10584,R
10585,A
10586,v
10587,O
10588,T
10589,n
10590,S
10591,j
10592,z
10593,E
10594,O
10595,A
10596,E
10597,P
10598,A
10599,O
10600,I
10601,A
10602,A
10603,V
10604,i
10605,r
10606,T
10607,c
10608,A
10609,U
10610,g
10611,E
10612,Q
10613,A
10614,T
10615,P
10616,A
10617,j
10618,0
10619,a
10620,T
10621,r
10622,E
10623,S
10624,s
10625,D
10626,S
10627,3
10628,a
10629,N
10630,X
10631,A
10632,A
10633,r
10634,G
10635,y
10636,A
10637,y
10638,J
10639,s
10640,f
10641,D
10642,H
10643,I
10644,S
10645,I
10646,e
10647,S
10648,I
10649,O
10650,v
10651,U
10652,h
10653,l
10654,8
10655,r
10656,A
10657,j
10658,H
10659,F
10660,R
10661,I
10662,H
10663,A
10664,I
10665,W
10666,C
10667,H
10668,L
10669,A
10670,t
10671,L
10672,I
10673,M
10674,T
10675,N
10676,A
10677,O
10678,I
10679,R
10680,b
10681,M
10682,R
10683,N
10684,A
10685,W
10686,8
10687,S
10688,A
10689,P
10690,0
10691,U
10692,T
10693,G
10694,A
10695,3
10696,N
10697,Q
10698,e
10699,F
10700,A
10701,I
10702,A
10703,U
10704,R
10705,T
10706,l
10707,N
10708,m
10709,j
10710,e
10711,A
10712,A
10713,f
10714,I
10715,R
10716,A
10717,y
10718,K
10719,9
10720,d
10721,K
10722,U
10723,T
10724,I
10725,T
10726,N
10727,I
10728,A
10729,L
10730,C
10731,A
10732,E
10733,E
10734,N
10735,C
10736,b
10737,U
10738,D
10739,O
10740,G
10741,h
10742,T
10743,S
10744,O
10745,A
10746,G
10747,6
10748,E
10749,C
10750,E
10751,A
10752,N
10753,r
10754,f
10755,R
10756,R
10757,A
10758,A
10759,I
10760,I
10761,S
10762,4
10763,P
10764,W
10765,C
10766,G
10767,y
10768,R
10769,I
10770,A
10771,S
10772,I
10773,1
10774,G
10775,5
10776,T
10777,I
10778,R
10779,N
10780,E
10781,N
10782,t
10783,g
10784,e
10785,A
10786,R
10787,R
10788,A
10789,r
10790,N
10791,G
10792,m
10793,P
10794,X
10795,I
10796,M
10797,n
10798,M
10799,y
10800,W
10801,0
10802,T
10803,A
10804,t
10805,A
10806,O
10807,R
10808,0
10809,I
10810,M
10811,h
10812,s
10813,E
10814,E
10815,A
10816,E
10817,a
10818,O
10819,I
10820,r
10821,R
10822,R
10823,A
10824,G
10825,a
10826,A
10827,E
10828,E
10829,K
10830,T
10831,O
10832,F
10833,S
10834,N
10835,G
10836,r
10837,U
10838,A
10839,O
10840,n
10841,H
10842,V
10843,E
10844,a
10845,A
10846,r
10847,M
10848,U
10849,e
10850,c
10851,i
10852,C
10853,A
10854,m
10855,B
10856,m
10857,O
10858,Q
10859,N
10860,k
10861,w
10862,R
10863,Y
10864,O
10865,A
10866,E
10867,E
10868,7
10869,4
10870,I
10871,v
10872,D
10873,G
10874,8
10875,E
10876,s
10877,A
10878,h
10879,n
10880,A
10881,N
10882,B
10883,R
10884,E
10885,S
10886,r
10887,R
10888,P
10889,R
10890,R
10891,T
10892,1
10893,s
10894,N
10895,Y
10896,e
10897,C
10898,A
10899,C
10900,I
10901,a
10902,D
10903,i
10904,O
10905,O
10906,N
10907,A
10908,E
10909,F
10910,N
10911,I
10912,l
10913,O
10914,o
10915,T
10916,r
10917,M
10918,j
10919,o
10920,H
10921,K
10922,A
10923,A
10924,Y
10925,z
10926,N
10927,L
10928,D
10929,L
10930,A
10931,o
10932,A
10933,B
10934,L
10935,H
10936,A
10937,A
10938,f
10939,T
10940,E
10941,C
10942,5
10943,N
10944,E
10945,O
10946,F
10947,A
10948,I
10949,c
10950,C
10951,r
10952,e
10953,T
10954,a
10955,I
10956,6
10957,A
10958,6
10959,d
10960,O
10961,A
10962,A
10963,S
10964,N
10965,T
10966,5
10967,O
10968,A
10969,N
10970,A
10971,S
10972,e
10973,y
10974,l
10975,N
10976,n
10977,e
10978,O
10979,R
10980,A
10981,A
10982,E
10983,C
10984,T
10985,Q
10986,a
10987,H
10988,M
10989,2
10990,p
10991,T
10992,l
10993,E
10994,B
10995,D
10996,g
10997,n
10998,O
10999,C
11000,A
11001,A
11002,a
11003,O
11004,S
11005,O
11006,u
11007,O
11008,I
11009,O
11010,N
11011,f
11012,R
11013,A
11014,R
11015,N
11016,S
11017,N
11018,D
11019,K
11020,s
11021,v
11022,r
11023,g
11024,a
11025,t
11026,S
11027,M
11028,0
11029,S
11030,L
11031,a
11032,T
11033,S
11034,C
11035,a
11036,A
11037,C
11038,i
11039,i
11040,U
11041,A
11042,I
11043,R
11044,e
11045,M
11046,0
11047,r
11048,A
11049,M
11050,O
11051,C
11052,I
11053,Q
11054,P
11055,t
11056,G
11057,v
11058,a
11059,l
11060,A
11061,r
11062,A
11063,H
11064,g
11065,J
11066,c
11067,O
11068,O
11069,F
11070,x
11071,c
11072,k
11073,e
11074,E
11075,N
11076,A
11077,G
11078,4
11079,A
11080,A
11081,L
11082,L
11083,N
11084,A
11085,n
11086,E
11087,M
11088,f
11089,a
11090,K
11091,T
11092,E
11093,N
11094,W
11095,J
11096,A
11097,O
11098,i
11099,A
11100,y
11101,a
11102,A
11103,0
11104,c
11105,N
11106,e
11107,L
11108,T
11109,e
11110,F
11111,r
11112,E
11113,R
11114,A
11115,W
11116,n
11117,c
11118,S
11119,D
11120,S
11121,R
11122,w
11123,A
11124,E
11125,E
11126,R
11127,r
11128,O
11129,D
11130,B
11131,e
11132,D
11133,h
11134,T
11135,N
11136,P
11137,O
11138,I
11139,A
11140,B
11141,6
11142,l
11143,A
11144,I
11145,H
11146,S
11147,P
11148,B
11149,G
11150,6
11151,N
11152,I
11153,E
11154,5
11155,L
11156,M
11157,E
11158,o
11159,H
11160,G
11161,F
11162,E
11163,S
11164,O
11165,y
11166,w
11167,E
11168,o
11169,A
11170,R
11171,I
11172,O
11173,s
11174,e
11175,e
11176,e
11177,I
11178,A
11179,N
11180,T
11181,v
11182,R
11183,S
11184,V
11185,r
11186,O
11187,o
11188,O
11189,A
11190,L
11191,C
11192,A
11193,O
11194,A
11195,I
11196,B
11197,A
11198,e
11199,V
11200,G
11201,D
11202,S
11203,r
11204,N
11205,A
11206,G
11207,A
11208,R
11209,A
11210,y
11211,N
11212,4
11213,S
11214,A
11215,5
11216,E
11217,N
11218,E
11219,R
11220,J
11221,O
11222,A
11223,E
11224,G
11225,O
11226,z
11227,A
11228,o
11229,O
11230,R
11231,z
11232,A
11233,4
11234,A
11235,E
11236,R
11237,O
11238,O
11239,f
11240,I
11241,L
11242,h
11243,m
11244,I
11245,5
11246,O
11247,N
11248,A
11249,n
11250,H
11251,O
11252,S
11253,S
11254,i
11255,D
11256,P
11257,A
11258,I
11259,E
11260,J
11261,N
11262,h
11263,F
11264,n
11265,B
11266,y
11267,2
11268,R
11269,a
11270,A
11271,C
11272,E
11273,L
11274,X
11275,Y
11276,e
11277,D
11278,R
11279,h
11280,D
11281,1
11282,R
11283,R
11284,S
11285,E
11286,T
11287,E
11288,M
11289,w
11290,t
11291,R
11292,S
11293,P
11294,A
11295,N
11296,A
11297,C
11298,O
11299,B
11300,P
11301,D
11302,N
11303,k
11304,y
11305,A
11306,n
11307,8
11308,l
11309,E
11310,R
11311,r
11312,6
11313,8
11314,6
11315,O
11316,I
11317,G
11318,c
11319,M
11320,E
11321,c
11322,R
11323,I
11324,E
11325,A
11326,5
11327,A
11328,H
11329,0
11330,A
11331,5
11332,A
11333,T
11334,C
11335,O
11336,u
11337,O
11338,i
11339,g
11340,D
11341,v
11342,A
11343,1
11344,o
11345,E
11346,h
11347,O
11348,6
11349,0
11350,4
11351,O
11352,Y
11353,C
11354,A
11355,V
11356,C
11357,E
11358,C
11359,O
11360,N
11361,T
11362,T
11363,A
11364,i
11365,I
11366,A
11367,A
11368,N
11369,M
11370,I
11371,d
11372,v
11373,I
11374,h
11375,5
11376,A
11377,A
11378,M
11379,A
11380,c
11381,A
11382,S
11383,e
11384,u
11385,G
11386,i
11387,e
11388,I
11389,R
11390,L
11391,A
11392,0
11393,p
11394,A
11395,f
11396,O
11397,O
11398,R
11399,O
11400,N
11401,I
11402,I
11403,L
11404,z
11405,U
11406,A
11407,I
11408,K
11409,H
11410,g
11411,B
11412,I
11413,O
11414,c
11415,P
11416,5
11417,n
11418,e
11419,J
11420,B
11421,O
11422,K
11423,A
11424,e
11425,I
11426,E
11427,M
11428,N
11429,N
11430,N
11431,R
11432,c
11433,h
11434,O
11435,S
11436,E
11437,p
11438,A
11439,e
11440,O
11441,R
11442,A
11443,A
11444,y
11445,h
11446,W
11447,E
11448,N
11449,n
11450,E
11451,J
11452,E
11453,E
11454,8
11455,P
11456,Y
11457,a
11458,S
11459,e
11460,A
11461,S
11462,t
11463,R
11464,I
11465,L
11466,I
11467,A
11468,A
11469,A
11470,T
11471,s
11472,O
11473,f
11474,9
11475,a
11476,S
11477,N
11478,R
11479,O
11480,G
11481,O
11482,I
11483,i
11484,S
11485,R
11486,I
11487,h
11488,0
11489,N
11490,q
11491,4
11492,6
11493,O
11494,E
11495,A
11496,O
11497,f
11498,S
11499,f
11500,O
11501,l
11502,E
11503,S
11504,H
11505,e
11506,j
11507,O
11508,i
11509,O
11510,g
11511,r
11512,c
11513,O
11514,E
11515,D
11516,d
11517,C
11518,H
11519,c
11520,E
11521,h
11522,M
11523,L
11524,O
11525,U
11526,i
11527,l
11528,O
11529,O
11530,6
11531,A
11532,t
11533,e
11534,A
11535,C
11536,T
11537,a
11538,B
11539,A
11540,V
11541,u
11542,A
11543,R
11544,O
11545,C
11546,z
11547,A
11548,I
11549,O
11550,O
11551,i
11552,I
11553,I
11554,t
11555,I
11556,A
11557,C
11558,R
11559,n
11560,W
11561,J
11562,A
11563,i
11564,l
11565,E
11566,G
11567,A
11568,S
11569,z
11570,o
11571,A
11572,U
11573,E
11574,T
11575,A
11576,A
11577,N
11578,L
11579,S
11580,O
11581,L
11582,5
11583,n
11584,L
11585,L
11586,M
11587,R
11588,O
11589,L
11590,Z
11591,E
11592,O
11593,T
11594,O
11595,I
11596,A
11597,M
11598,T
11599,N
11600,I
11601,R
11602,4
11603,o
11604,A
11605,A
11606,G
11607,0
11608,n
11609,S
11610,n
11611,K
11612,E
11613,R
11614,d
11615,r
11616,t
11617,V
11618,A
11619,A
11620,A
11621,A
11622,r
11623,E
11624,R
11625,T
11626,l
11627,d
11628,G
11629,K
11630,T
11631,T
11632,o
11633,S
11634,A
11635,R
11636,e
11637,I
11638,A
11639,S
11640,C
11641,I
11642,F
11643,R
11644,r
11645,T
11646,a
11647,r
11648,A
11649,A
11650,I
11651,T
11652,l
11653,R
11654,o
11655,P
11656,5
11657,O
11658,F
11659,R
11660,o
11661,A
11662,L
11663,E
11664,A
11665,o
11666,S
11667,E
11668,w
11669,C
11670,I
11671,D
11672,U
11673,S
11674,y
11675,v
11676,5
11677,A
11678,A
11679,u
11680,S
11681,n
11682,w
11683,S
11684,U
11685,T
11686,i
11687,W
11688,O
11689,E
11690,C
11691,g
11692,N
11693,A
11694,R
11695,G
11696,d
11697,T
11698,E
11699,E
11700,l
11701,E
11702,I
11703,I
11704,6
11705,A
11706,B
11707,L
11708,o
11709,A
11710,e
11711,C
11712,N
11713,j
11714,g
11715,g
11716,h
11717,I
11718,E
11719,T
11720,O
11721,w
11722,n
11723,A
11724,E
11725,O
11726,N
11727,s
11728,H
11729,E
11730,S
11731,t
11732,3
11733,s
11734,r
11735,a
11736,A
11737,A
11738,g
11739,D
11740,e
11741,E
11742,O
11743,W
11744,y
11745,W
11746,N
11747,r
11748,A
11749,A
11750,v
11751,D
11752,g
11753,N
11754,G
11755,S
11756,A
11757,Y
11758,h
11759,I
11760,C
11761,N
11762,N
11763,M
11764,M
11765,G
11766,L
11767,0
11768,I
11769,U
11770,N
11771,N
11772,D
11773,N
11774,a
11775,r
11776,p
11777,N
11778,c
11779,A
11780,R
11781,S
11782,A
11783,N
11784,x
11785,I
11786,A
11787,R
11788,A
11789,A
11790,4
11791,u
11792,L
11793,V
11794,A
11795,i
11796,I
11797,i
11798,L
11799,4
11800,A
11801,N
11802,E
11803,Q
11804,9
11805,I
11806,j
11807,T
11808,B
11809,K
11810,D
11811,T
11812,S
11813,o
11814,E
11815,K
11816,5
11817,S
11818,V
11819,O
11820,N
11821,N
11822,Y
11823,n
11824,8
11825,I
11826,I
11827,5
11828,j
11829,G
11830,I
11831,t
11832,A
11833,9
11834,c
11835,s
11836,C
11837,m
11838,v
11839,E
11840,E
11841,q
11842,I
11843,H
11844,E
11845,Z
11846,A
11847,R
11848,A
11849,X
11850,X
11851,D
11852,O
11853,A
11854,D
11855,J
11856,I
11857,I
11858,L
11859,D
11860,R
11861,n
11862,A
11863,E
11864,6
11865,l
11866,M
11867,A
11868,f
11869,t
11870,A
11871,I
11872,U
11873,A
11874,J
11875,o
11876,0
11877,H
11878,1
11879,o
11880,N
11881,e
11882,r
11883,x
11884,o
11885,r
11886,S
11887,R
11888,T
11889,M
11890,I
11891,D
11892,T
11893,E
11894,e
11895,N
11896,S
11897,9
11898,O
11899,r
11900,C
11901,s
11902,H
11903,T
11904,I
11905,y
11906,H
11907,O
11908,S
11909,F
11910,L
11911,g
11912,R
11913,f
11914,A
11915,e
11916,S
11917,A
11918,R
11919,M
11920,R
11921,P
11922,V
11923,G
11924,e
11925,M
11926,R
11927,O
11928,L
11929,N
11930,A
11931,O
11932,L
11933,O
11934,y
11935,3
11936,O
11937,A
11938,C
11939,I
11940,O
11941,U
11942,W
11943,I
11944,c
11945,S
11946,A
11947,t
11948,B
11949,O
11950,O
11951,O
11952,A
11953,T
11954,e
11955,O
11956,h
11957,G
11958,I
11959,C
11960,O
11961,U
11962,E
11963,E
11964,R
11965,R
11966,1
11967,t
11968,4
11969,I
11970,T
11971,E
11972,j
11973,A
11974,T
11975,C
11976,I
11977,E
11978,A
11979,A
11980,E
11981,P
11982,R
11983,A
11984,R
11985,n
11986,v
11987,B
11988,D
11989,E
11990,O
11991,A
11992,E
11993,K
11994,e
11995,c
11996,W
11997,5
11998,A
11999,E
12000,T
12001,I
12002,l
12003,W
12004,K
12005,R
12006,A
12007,M
12008,A
12009,a
12010,A
12011,e
12012,U
12013,E
12014,7
12015,P
12016,A
12017,R
12018,O
12019,D
12020,Y
12021,I
12022,O
12023,H
12024,l
12025,b
12026,S
12027,v
12028,o
12029,I
12030,e
12031,A
12032,8
12033,l
12034,O
12035,N
12036,8
12037,J
12038,A
12039,E
12040,D
12041,D
12042,E
12043,0
12044,A
12045,M
12046,s
12047,K
12048,R
12049,r
12050,D
12051,G
12052,l
12053,E
12054,B
12055,p
12056,A
12057,U
12058,D
12059,W
12060,B
12061,A
12062,I
12063,k
12064,M
12065,Z
12066,e
12067,U
12068,H
12069,I
12070,A
12071,H
12072,C
12073,A
12074,A
12075,g
12076,C
12077,R
12078,S
12079,h
12080,E
12081,e
12082,a
12083,I
12084,S
12085,e
12086,8
12087,u
12088,E
12089,S
12090,i
12091,p
12092,s
12093,Z
12094,x
12095,A
12096,L
12097,a
12098,l
12099,R
12100,I
12101,r
12102,e
12103,O
12104,L
12105,I
12106,K
12107,T
12108,a
12109,O
12110,5
12111,A
12112,I
12113,k
12114,N
12115,O
12116,K
12117,f
12118,N
12119,N
12120,E
12121,Y
12122,E
12123,y
12124,E
12125,f
12126,I
12127,D
12128,O
12129,S
12130,K
12131,0
12132,R
12133,E
12134,E
12135,O
12136,f
12137,Q
12138,O
12139,A
12140,P
12141,G
12142,L
12143,G
12144,A
12145,A
12146,F
12147,1
12148,d
12149,E
12150,l
12151,D
12152,E
12153,N
12154,C
12155,r
12156,A
12157,A
12158,O
12159,O
12160,l
12161,L
12162,f
12163,T
12164,O
12165,O
12166,A
12167,O
12168,P
12169,D
12170,5
12171,G
12172,4
12173,A
12174,T
12175,8
12176,h
12177,n
12178,g
12179,0
12180,A
12181,C
12182,O
12183,O
12184,O
12185,B
12186,A
12187,D
12188,A
12189,E
12190,N
12191,o
12192,E
12193,S
12194,E
12195,U
12196,I
12197,G
12198,9
12199,L
12200,A
12201,E
12202,A
12203,c
12204,T
12205,s
12206,A
12207,E
12208,Y
12209,s
12210,l
12211,T
12212,G
12213,w
12214,v
12215,l
12216,f
12217,D
12218,I
12219,H
12220,m
12221,l
12222,R
12223,N
12224,a
12225,F
12226,i
12227,o
12228,f
12229,S
12230,O
12231,Z
12232,E
12233,r
12234,c
12235,E
12236,l
12237,g
12238,A
12239,T
12240,p
12241,U
12242,5
12243,T
12244,F
12245,H
12246,R
12247,q
12248,E
12249,e
12250,S
12251,G
12252,p
12253,n
12254,U
12255,l
12256,4
12257,O
12258,I
12259,e
12260,2
12261,0
12262,I
12263,D
12264,E
12265,G
12266,o
12267,B
12268,A
12269,o
12270,O
12271,o
12272,2
12273,I
12274,B
12275,O
12276,o
12277,A
12278,c
12279,1
12280,c
12281,E
12282,g
12283,D
12284,C
12285,T
12286,A
12287,a
12288,s
12289,3
12290,O
12291,S
12292,h
12293,A
12294,N
12295,A
12296,m
12297,W
12298,c
12299,D
12300,I
12301,N
12302,P
12303,O
12304,K
12305,W
12306,A
12307,O
12308,E
12309,f
12310,e
12311,A
12312,K
12313,D
12314,M
12315,A
12316,K
12317,D
12318,l
12319,n
12320,R
12321,g
12322,i
12323,c
12324,R
12325,A
12326,M
12327,r
12328,L
12329,j
12330,i
12331,D
12332,F
12333,F
12334,K
12335,O
12336,N
12337,S
12338,R
12339,Z
12340,v
12341,R
12342,F
12343,f
12344,E
12345,F
12346,I
12347,O
12348,p
12349,A
12350,B
12351,S
12352,R
12353,E
12354,R
12355,D
12356,E
12357,O
12358,L
12359,A
12360,A
12361,A
12362,t
12363,V
12364,Z
12365,P
12366,R
12367,H
12368,E
12369,j
12370,p
12371,O
12372,E
12373,i
12374,N
12375,1
12376,o
12377,N
12378,C
12379,A
12380,A
12381,n
12382,u
12383,O
12384,A
12385,A
12386,C
12387,t
12388,5
12389,U
12390,S
12391,I
12392,L
12393,y
12394,D
12395,E
12396,c
12397,A
12398,E
12399,q
12400,A
12401,E
12402,L
12403,I
12404,D
12405,A
12406,O
12407,E
12408,T
12409,L
12410,N
12411,A
12412,N
12413,N
12414,t
12415,U
12416,i
12417,U
12418,0
12419,7
12420,b
12421,A
12422,1
12423,H
12424,R
12425,7
12426,A
12427,K
12428,E
12429,O
12430,i
12431,R
12432,f
12433,R
12434,i
12435,l
12436,E
12437,h
12438,g
12439,s
12440,R
12441,a
12442,A
12443,R
12444,O
12445,l
12446,b
12447,I
12448,o
12449,c
12450,A
12451,A
12452,A
12453,E
12454,5
12455,c
12456,I
12457,e
12458,X
12459,I
12460,A
12461,9
12462,I
12463,O
12464,y
12465,E
12466,I
12467,G
12468,e
12469,R
12470,E
12471,W
12472,R
12473,A
12474,E
12475,I
12476,O
12477,T
12478,n
12479,g
12480,O
12481,A
12482,A
12483,L
12484,O
12485,R
12486,Q
12487,A
12488,A
12489,0
12490,o
12491,S
12492,R
12493,F
12494,A
12495,C
12496,E
12497,I
12498,X
12499,O
12500,o
12501,8
12502,N
12503,U
